id,nome,siglaPartido,siglaUf,idLegislatura,PL 2337/21,PLP 19/19,PL 591/2021,PL 3729/04,PL 3723/19,PEC 06/2019,PEC 125/2011,MP 1045/21,MP 1031/21,PL 10372/18,PEC 135/19,PEC 241/2016
204554,Abílio Santana,PL,BA,56,1.0,1.0,1.0,1.0,1.0,1.0,1.0,1.0,1.0,1.0,0.5,0.5
204521,Abou Anni,PSL,SP,56,0.0,1.0,0.0,1.0,1.0,1.0,0.0,1.0,1.0,1.0,1.0,0.5
204379,Acácio Favacho,PROS,AP,56,0.5,1.0,1.0,1.0,1.0,1.0,1.0,1.0,1.0,1.0,0.5,0.5
204560,Adolfo Viana,PSDB,BA,56,0.0,0.5,1.0,1.0,1.0,1.0,1.0,1.0,1.0,1.0,0.5,0.5
204528,Adriana Ventura,NOVO,SP,56,0.0,1.0,1.0,1.0,1.0,1.0,0.0,1.0,0.0,1.0,0.0,0.5
121948,Adriano do Baldy,PP,GO,56,1.0,1.0,1.0,1.0,1.0,1.0,1.0,0.5,1.0,1.0,0.5,0.5
74646,Aécio Neves,PSDB,MG,56,1.0,0.0,1.0,0.5,1.0,1.0,0.5,0.5,1.0,1.0,0.5,0.5
141372,Aelton Freitas,PL,MG,56,1.0,1.0,1.0,0.5,0.5,0.5,1.0,1.0,1.0,0.5,0.0,1.0
160508,Afonso Florence,PT,BA,56,1.0,0.0,0.0,0.0,0.0,0.0,1.0,0.0,0.5,1.0,0.0,0.0
136811,Afonso Hamm,PP,RS,56,0.5,0.5,0.5,1.0,1.0,1.0,0.5,0.5,0.5,1.0,0.5,1.0
178835,Afonso Motta,PDT,RS,56,1.0,0.0,0.0,1.0,1.0,0.0,0.0,0.0,0.5,1.0,0.0,0.0
160527,Aguinaldo Ribeiro,PP,PB,56,0.0,1.0,0.5,1.0,0.5,1.0,1.0,1.0,1.0,1.0,0.5,1.0
204495,Airton Faleiro,PT,PA,56,1.0,0.0,0.0,0.0,0.0,0.0,1.0,0.0,0.5,1.0,0.0,0.5
204549,AJ Albuquerque,PP,CE,56,0.5,1.0,1.0,1.0,1.0,1.0,1.0,0.5,1.0,1.0,0.5,0.5
178836,Alan Rick,DEM,AC,56,1.0,1.0,0.0,1.0,1.0,1.0,1.0,0.5,1.0,1.0,1.0,1.0
160559,Alceu Moreira,MDB,RS,56,1.0,1.0,1.0,1.0,1.0,1.0,0.0,1.0,0.0,1.0,1.0,1.0
204413,Alcides Rodrigues,PATRIOTA,GO,56,1.0,1.0,1.0,1.0,0.5,1.0,1.0,1.0,1.0,1.0,0.0,0.5
204545,Alê Silva,PSL,MG,56,1.0,1.0,1.0,1.0,1.0,1.0,0.0,1.0,1.0,1.0,1.0,0.5
204501,Alencar Santana Braga,PT,SP,56,1.0,0.0,0.0,0.0,0.0,0.0,1.0,0.0,0.5,1.0,0.0,0.5
160511,Alessandro Molon,PSB,RJ,56,1.0,0.0,0.0,0.0,0.0,0.0,1.0,0.0,0.0,1.0,0.0,0.0
178972,Alex Manente,CIDADANIA,SP,56,0.0,1.0,1.0,1.0,0.5,1.0,0.0,1.0,0.0,1.0,0.0,0.5
204571,Alex Santana,PDT,BA,56,1.0,0.0,1.0,1.0,1.0,1.0,1.0,1.0,1.0,0.5,1.0,0.5
204544,Alexandre Frota,PSDB,SP,56,0.0,0.0,0.0,0.0,0.5,0.5,0.0,0.0,0.0,1.0,0.0,0.5
160545,Alexandre Leite,DEM,SP,56,1.0,1.0,1.0,1.0,1.0,1.0,1.0,1.0,1.0,1.0,0.0,1.0
204503,Alexandre Padilha,PT,SP,56,1.0,0.0,0.0,0.0,0.0,0.0,1.0,0.0,0.5,1.0,0.5,0.5
178833,Alexandre Serfiotis,PSD,RJ,56,0.5,0.5,0.5,0.5,1.0,1.0,0.5,0.5,0.5,1.0,0.5,1.0
204516,Alexis Fonteyne,NOVO,SP,56,0.0,1.0,1.0,1.0,1.0,1.0,0.0,1.0,0.0,1.0,1.0,0.5
74057,Alice Portugal,PCdoB,BA,56,1.0,0.0,0.0,0.0,0.0,0.0,1.0,0.0,0.0,0.5,0.0,0.0
178927,Aliel Machado,PSB,PR,56,1.0,0.0,0.0,0.5,1.0,0.0,1.0,0.5,0.5,1.0,0.0,0.5
204353,Aline Gurgel,REPUBLICANOS,AP,56,1.0,1.0,1.0,1.0,0.5,0.0,1.0,1.0,1.0,0.5,1.0,0.5
204400,Aline Sleutjes,PSL,PR,56,1.0,1.0,1.0,1.0,1.0,1.0,1.0,1.0,1.0,0.5,1.0,0.5
178937,Altineu Côrtes,PL,RJ,56,1.0,1.0,1.0,1.0,1.0,1.0,0.5,1.0,1.0,0.5,0.0,1.0
178881,Aluisio Mendes,PSC,MA,56,1.0,1.0,1.0,1.0,1.0,1.0,1.0,1.0,1.0,0.5,1.0,1.0
204356,Amaro Neto,REPUBLICANOS,ES,56,1.0,1.0,1.0,1.0,1.0,1.0,1.0,1.0,1.0,1.0,1.0,0.5
178831,André Abdon,PP,AP,56,1.0,1.0,1.0,1.0,0.5,1.0,1.0,1.0,1.0,1.0,0.5,1.0
74471,André de Paula,PSD,PE,56,0.0,1.0,0.0,0.0,1.0,1.0,0.0,1.0,0.0,1.0,0.0,1.0
204423,André Ferreira,PSC,PE,56,1.0,1.0,1.0,1.0,0.5,1.0,1.0,1.0,1.0,0.5,1.0,0.5
133439,André Figueiredo,PDT,CE,56,1.0,0.0,0.0,0.0,0.0,0.0,0.0,0.0,0.0,0.5,0.0,0.0
178882,André Fufuca,PP,MA,56,1.0,1.0,1.0,0.5,0.5,1.0,1.0,0.5,0.5,1.0,0.5,1.0
204515,André Janones,AVANTE,MG,56,1.0,1.0,0.0,0.0,0.0,0.0,0.0,1.0,0.0,1.0,0.0,0.5
73696,Angela Amin,PP,SC,56,1.0,1.0,1.0,1.0,1.0,1.0,0.0,1.0,1.0,1.0,0.0,0.5
74212,Aníbal Gomes,DEM,CE,56,0.0,1.0,1.0,1.0,0.5,1.0,1.0,1.0,1.0,0.5,0.5,1.0
160553,Antonio Brito,PSD,BA,56,0.0,1.0,0.5,1.0,0.0,1.0,0.0,1.0,1.0,1.0,0.0,1.0
73433,Arlindo Chinaglia,PT,SP,56,1.0,0.0,0.0,0.0,0.0,0.0,1.0,0.0,0.0,1.0,0.0,0.0
141391,Arnaldo Jardim,CIDADANIA,SP,56,0.0,1.0,1.0,1.0,1.0,1.0,0.5,1.0,0.5,0.5,0.0,0.5
204414,Aroldo Martins,REPUBLICANOS,PR,56,1.0,1.0,1.0,1.0,1.0,1.0,1.0,0.5,1.0,0.5,1.0,0.5
160541,Arthur Lira,PP,AL,56,0.5,0.5,0.5,0.5,1.0,1.0,0.5,0.5,0.5,1.0,0.5,1.0
160600,Arthur Oliveira Maia,DEM,BA,56,0.5,1.0,1.0,0.5,1.0,1.0,0.0,0.5,1.0,1.0,0.5,1.0
159237,Assis Carvalho,PT,PI,56,0.5,0.5,0.5,0.5,0.0,0.0,0.5,0.5,0.5,1.0,0.5,0.0
74090,Átila Lins,PP,AM,56,1.0,1.0,1.0,1.0,1.0,1.0,1.0,1.0,1.0,1.0,1.0,0.5
74459,Átila Lira,PP,PI,56,0.5,1.0,1.0,1.0,1.0,1.0,0.0,1.0,0.5,1.0,0.0,1.0
160665,Augusto Coutinho,SOLIDARIEDADE,PE,56,1.0,1.0,1.0,1.0,1.0,1.0,1.0,0.5,0.0,1.0,0.0,1.0
204509,Áurea Carolina,PSOL,MG,56,1.0,0.0,0.0,0.5,0.0,0.5,0.0,0.0,0.5,0.0,0.0,0.5
160512,Aureo Ribeiro,SOLIDARIEDADE,RJ,56,1.0,0.0,0.0,0.5,1.0,1.0,0.5,0.5,0.0,1.0,0.0,1.0
69871,Bacelar,PODE,BA,56,1.0,0.5,0.0,0.0,0.0,0.0,1.0,0.0,0.0,1.0,0.0,0.0
178975,Baleia Rossi,MDB,SP,56,0.0,1.0,0.5,0.5,1.0,1.0,0.0,1.0,0.5,1.0,0.0,1.0
73701,Benedita da Silva,PT,RJ,56,1.0,0.0,0.0,0.0,0.0,0.0,1.0,0.0,0.5,1.0,0.0,0.0
109429,Benes Leocádio,REPUBLICANOS,RN,56,1.0,1.0,0.5,1.0,1.0,1.0,1.0,1.0,0.5,1.0,1.0,0.5
141335,Beto Faro,PT,PA,56,1.0,0.0,0.0,0.0,0.0,0.0,1.0,0.0,0.0,1.0,0.0,0.0
204358,Beto Pereira,PSDB,MS,56,1.0,1.0,1.0,0.5,1.0,1.0,1.0,1.0,1.0,1.0,0.0,0.5
178948,Beto Rosado,PP,RN,56,1.0,1.0,1.0,1.0,0.5,1.0,1.0,0.5,1.0,0.5,0.0,1.0
207176,Bia Cavassa,PSDB,MS,56,1.0,1.0,0.0,1.0,1.0,0.5,1.0,1.0,1.0,1.0,1.0,0.5
204374,Bia Kicis,PSL,DF,56,0.0,1.0,1.0,1.0,1.0,1.0,1.0,1.0,1.0,1.0,1.0,0.5
204388,Bibo Nunes,PSL,RS,56,1.0,1.0,1.0,1.0,1.0,1.0,0.0,1.0,1.0,1.0,1.0,0.5
141513,Bilac Pinto,DEM,MG,56,1.0,1.0,1.0,1.0,0.5,1.0,0.0,1.0,1.0,0.5,0.5,1.0
204561,Bira do Pindaré,PSB,MA,56,1.0,0.0,0.0,0.0,0.5,0.0,1.0,0.0,0.0,1.0,0.0,0.5
204397,Boca Aberta,PROS,PR,56,1.0,1.0,0.5,1.0,1.0,1.0,1.0,0.5,0.0,1.0,1.0,0.5
160538,Bohn Gass,PT,RS,56,1.0,0.0,0.0,0.0,0.0,0.0,1.0,0.0,0.0,1.0,0.0,0.0
74052,Bosco Costa,PL,SE,56,1.0,1.0,0.0,1.0,1.0,1.0,1.0,0.5,1.0,1.0,0.0,0.0
204551,Bosco Saraiva,SOLIDARIEDADE,AM,56,1.0,1.0,1.0,0.5,0.5,1.0,1.0,1.0,0.0,1.0,0.0,0.5
204502,Bozzella,PSL,SP,56,0.0,1.0,0.0,1.0,1.0,1.0,0.0,1.0,0.0,1.0,0.0,0.5
160589,Bruna Furlan,PSDB,SP,56,1.0,0.0,1.0,0.5,0.0,1.0,1.0,1.0,0.0,0.5,0.5,1.0
93083,Cacá Leão,PP,BA,56,1.0,1.0,1.0,0.5,1.0,1.0,1.0,1.0,1.0,1.0,1.0,1.0
178853,Caetano,PT,BA,56,0.5,0.5,0.5,0.5,0.5,0.5,0.5,0.5,0.5,0.5,0.5,0.0
204352,Camilo Capiberibe,PSB,AP,56,1.0,0.0,0.0,0.0,0.0,0.0,1.0,0.0,0.5,1.0,0.0,0.5
204572,Capitão Alberto Neto,REPUBLICANOS,AM,56,1.0,1.0,1.0,1.0,1.0,1.0,1.0,1.0,1.0,1.0,1.0,0.5
178829,Capitão Augusto,PL,SP,56,1.0,1.0,1.0,1.0,1.0,1.0,1.0,0.5,1.0,1.0,1.0,1.0
178924,Capitão Fábio Abreu,PL,PI,56,1.0,0.5,0.0,1.0,0.5,0.5,1.0,1.0,0.0,0.5,0.0,0.5
204487,Capitão Wagner,PROS,CE,56,1.0,1.0,0.5,1.0,1.0,0.0,0.0,1.0,1.0,1.0,1.0,0.5
213762,Carla Dickson,PROS,RN,56,1.0,1.0,0.5,1.0,0.5,0.5,1.0,1.0,0.5,0.5,1.0,0.5
204507,Carla Zambelli,PSL,SP,56,0.0,1.0,1.0,1.0,0.5,1.0,1.0,1.0,1.0,1.0,1.0,0.5
141401,Carlos Bezerra,MDB,MT,56,0.5,1.0,0.5,0.5,1.0,1.0,0.5,0.5,0.5,1.0,0.5,1.0
204361,Carlos Chiodini,MDB,SC,56,1.0,1.0,1.0,1.0,0.5,1.0,1.0,0.5,0.5,1.0,1.0,0.5
178962,Carlos Gomes,REPUBLICANOS,RS,56,1.0,1.0,1.0,0.5,1.0,1.0,1.0,1.0,1.0,1.0,1.0,1.0
178993,Carlos Henrique Gaguim,DEM,TO,56,1.0,1.0,1.0,1.0,1.0,1.0,1.0,1.0,1.0,1.0,1.0,1.0
204460,Carlos Jordy,PSL,RJ,56,1.0,1.0,1.0,1.0,1.0,1.0,0.0,1.0,1.0,1.0,1.0,0.5
74262,Carlos Sampaio,PSDB,SP,56,0.0,1.0,1.0,1.0,0.0,1.0,0.0,1.0,1.0,1.0,0.0,1.0
204426,Carlos Veras,PT,PE,56,1.0,0.0,0.0,0.0,0.0,0.0,1.0,0.5,0.0,1.0,0.0,0.5
141398,Carlos Zarattini,PT,SP,56,1.0,0.0,0.0,0.5,0.0,0.0,1.0,0.0,0.0,1.0,0.0,0.0
164360,Carmen Zanotto,CIDADANIA,SC,56,0.0,1.0,1.0,1.0,1.0,1.0,0.0,1.0,0.0,1.0,1.0,0.0
204369,Caroline de Toni,PSL,SC,56,0.0,1.0,1.0,1.0,1.0,1.0,1.0,1.0,1.0,1.0,1.0,0.5
204499,Cássio Andrade,PSB,PA,56,1.0,1.0,0.0,1.0,1.0,0.0,1.0,0.0,0.5,1.0,0.5,0.5
204380,Celina Leão,PP,DF,56,1.0,0.5,0.5,0.5,0.5,1.0,1.0,1.0,1.0,0.5,1.0,0.5
204370,Célio Moura,PT,TO,56,1.0,0.5,0.0,0.0,0.5,0.0,1.0,0.0,0.0,1.0,0.0,0.5
178876,Célio Silveira,PSDB,GO,56,1.0,1.0,0.5,1.0,1.0,1.0,1.0,1.0,1.0,1.0,1.0,1.0
204488,Célio Studart,PV,CE,56,1.0,1.0,0.0,0.0,0.0,0.0,0.0,0.5,0.0,1.0,0.0,0.5
141405,Celso Maldaner,MDB,SC,56,0.0,1.0,1.0,1.0,1.0,1.0,0.0,1.0,0.0,1.0,1.0,1.0
73441,Celso Russomanno,REPUBLICANOS,SP,56,1.0,1.0,1.0,1.0,1.0,1.0,0.5,1.0,1.0,0.5,1.0,1.0
204496,Celso Sabino,PSL,PA,56,1.0,0.5,1.0,0.5,1.0,1.0,1.0,1.0,1.0,1.0,0.5,0.5
204504,Cezinha de Madureira,PSD,SP,56,1.0,0.5,1.0,1.0,1.0,1.0,0.5,0.5,1.0,1.0,1.0,0.5
205476,Charles Fernandes,PSD,BA,56,1.0,1.0,0.0,1.0,0.0,1.0,1.0,1.0,0.0,1.0,0.5,0.5
204490,Charlles Evangelista,PSL,MG,56,1.0,1.0,1.0,1.0,1.0,1.0,1.0,1.0,1.0,1.0,1.0,0.5
141439,Chico D'Angelo,PDT,RJ,56,1.0,0.0,0.0,0.0,0.0,0.0,0.0,0.0,0.5,1.0,0.0,0.0
141440,CHICO LOPES,PCdoB,CE,56,0.5,0.5,0.5,0.5,0.5,0.5,0.5,0.5,0.5,0.5,0.5,0.0
204476,Chiquinho Brazão,AVANTE,RJ,56,0.5,1.0,1.0,1.0,1.0,1.0,1.0,1.0,1.0,1.0,0.0,0.5
204462,Chris Tonietto,PSL,RJ,56,0.0,0.5,1.0,1.0,1.0,1.0,0.0,1.0,1.0,1.0,1.0,0.5
178928,Christiane de Souza Yared,PL,PR,56,0.0,1.0,1.0,1.0,1.0,1.0,1.0,0.0,1.0,1.0,1.0,1.0
204440,Christino Aureo,PP,RJ,56,1.0,1.0,1.0,1.0,1.0,1.0,1.0,1.0,1.0,1.0,0.0,0.5
178939,Clarissa Garotinho,PROS,RJ,56,1.0,0.5,1.0,0.0,0.0,0.0,0.0,1.0,0.0,1.0,1.0,0.0
74537,Claudio Cajado,PP,BA,56,1.0,1.0,1.0,1.0,1.0,1.0,1.0,1.0,1.0,1.0,1.0,0.5
141408,Cleber Verde,REPUBLICANOS,MA,56,1.0,1.0,1.0,1.0,0.0,1.0,1.0,1.0,0.5,0.5,1.0,1.0
204376,Coronel Armando,PSL,SC,56,1.0,1.0,1.0,0.5,1.0,1.0,1.0,1.0,1.0,0.5,1.0,0.5
204378,Coronel Chrisóstomo,PSL,RO,56,1.0,1.0,1.0,1.0,1.0,1.0,1.0,1.0,1.0,1.0,1.0,0.5
204514,Coronel Tadeu,PSL,SP,56,1.0,1.0,1.0,1.0,1.0,1.0,0.0,1.0,1.0,1.0,1.0,0.5
178963,Covatti Filho,PP,RS,56,1.0,0.5,1.0,1.0,0.5,0.5,1.0,1.0,1.0,0.5,0.5,1.0
135054,Cristiano Vale,PL,PA,56,1.0,0.5,1.0,1.0,1.0,1.0,1.0,1.0,1.0,1.0,0.0,0.5
204355,Da Vitoria,CIDADANIA,ES,56,0.0,1.0,1.0,1.0,1.0,1.0,0.0,1.0,1.0,1.0,1.0,0.5
141411,Dagoberto Nogueira,PDT,MS,56,1.0,0.0,0.0,0.0,1.0,0.0,0.0,0.0,0.5,1.0,0.0,0.0
74467,Damião Feliciano,PDT,PB,56,1.0,0.5,0.0,0.5,0.0,0.0,0.0,0.0,0.0,1.0,0.0,1.0
74060,Daniel Almeida,PCdoB,BA,56,1.0,0.0,0.0,0.0,0.5,0.0,1.0,0.0,0.0,1.0,0.0,0.0
178916,Daniel Coelho,CIDADANIA,PE,56,0.0,1.0,1.0,0.0,1.0,1.0,0.0,1.0,0.0,1.0,0.0,1.0
204367,Daniel Freitas,PSL,SC,56,0.0,1.0,1.0,1.0,1.0,1.0,0.0,1.0,1.0,1.0,1.0,0.5
204454,Daniel Silveira,PSL,RJ,56,0.5,1.0,0.5,0.5,1.0,1.0,0.5,0.5,1.0,1.0,0.5,0.5
204409,Daniel Trzeciak,PSDB,RS,56,1.0,1.0,1.0,1.0,1.0,1.0,0.0,1.0,1.0,1.0,1.0,0.5
204459,Daniela do Waguinho,MDB,RJ,56,1.0,1.0,1.0,1.0,0.0,1.0,1.0,1.0,1.0,0.5,0.0,0.5
160528,Danilo Cabral,PSB,PE,56,1.0,0.0,0.0,0.0,0.0,0.5,1.0,0.0,0.0,1.0,0.0,0.0
62881,Danilo Forte,PSDB,CE,56,0.5,1.0,0.5,0.5,0.5,0.5,1.0,0.5,0.0,0.5,0.5,1.0
160552,Danrlei de Deus Hinterholz,PSD,RS,56,0.5,1.0,0.5,0.5,1.0,1.0,0.5,0.5,0.5,1.0,0.5,1.0
116379,Darci de Matos,PSD,SC,56,0.0,1.0,1.0,1.0,0.5,1.0,0.0,1.0,1.0,1.0,1.0,0.5
73891,Darcísio Perondi,MDB,RS,56,0.5,0.5,0.5,0.5,0.5,1.0,0.5,0.5,0.5,1.0,0.5,1.0
205548,David Miranda,PSOL,RJ,56,1.0,0.0,0.0,0.0,0.0,0.5,0.0,0.0,0.0,0.5,0.0,0.5
204511,David Soares,DEM,SP,56,0.0,1.0,1.0,1.0,0.5,1.0,0.0,1.0,1.0,1.0,1.0,0.5
204451,Delegado Antônio Furtado,PSL,RJ,56,0.5,1.0,0.5,1.0,1.0,1.0,1.0,0.5,0.5,1.0,1.0,0.5
178908,Delegado Éder Mauro,PSD,PA,56,1.0,0.5,1.0,0.5,1.0,1.0,1.0,0.5,1.0,1.0,1.0,1.0
204512,Delegado Marcelo Freitas,PSL,MG,56,1.0,1.0,1.0,1.0,1.0,1.0,0.0,1.0,1.0,1.0,1.0,0.5
204569,Delegado Pablo,PSL,AM,56,0.0,1.0,0.5,1.0,1.0,1.0,1.0,1.0,1.0,1.0,1.0,0.5
164359,Delegado Waldir,PSL,GO,56,0.0,1.0,1.0,1.0,0.5,1.0,0.0,1.0,1.0,0.5,0.0,1.0
204542,Denis Bezerra,PSB,CE,56,1.0,0.0,0.5,0.5,1.0,0.0,1.0,0.5,0.5,1.0,0.5,0.5
213856,Deuzinho Filho,REPUBLICANOS,CE,56,0.5,0.5,0.5,0.5,0.5,0.5,0.5,0.5,0.5,0.5,0.5,0.5
160588,Diego Andrade,PSD,MG,56,1.0,1.0,1.0,1.0,0.5,1.0,1.0,0.5,1.0,0.5,1.0,1.0
178929,Diego Garcia,PODE,PR,56,1.0,1.0,1.0,1.0,1.0,1.0,0.0,1.0,0.0,1.0,1.0,1.0
160599,Dimas Fabiano,PP,MG,56,1.0,1.0,1.0,1.0,0.5,1.0,1.0,1.0,0.0,0.5,1.0,1.0
143632,Domingos Neto,PSD,CE,56,0.0,1.0,0.5,0.5,1.0,1.0,0.5,1.0,1.0,1.0,0.0,1.0
160758,Domingos Sávio,PSDB,MG,56,0.5,1.0,1.0,0.5,1.0,1.0,1.0,1.0,1.0,1.0,1.0,1.0
213854,Dr. Agripino Magalhães,PROS,CE,56,0.5,0.5,0.5,0.5,0.5,0.5,0.5,0.5,0.5,0.5,0.5,0.5
204518,Dr. Frederico,PATRIOTA,MG,56,0.5,1.0,1.0,1.0,0.5,1.0,1.0,1.0,1.0,0.5,1.0,0.5
212625,Dr. Gonçalo,REPUBLICANOS,MA,56,0.5,1.0,0.5,1.0,0.5,0.5,0.5,0.5,1.0,1.0,0.5,0.5
204481,Dr. Jaziel,PL,CE,56,1.0,0.5,1.0,1.0,1.0,1.0,1.0,1.0,1.0,1.0,1.0,0.5
213679,Dr. João,PROS,BA,56,0.5,0.5,0.5,0.5,0.5,0.5,0.5,0.5,0.5,0.5,0.5,0.5
204439,Dr. Leonardo,SOLIDARIEDADE,MT,56,0.5,1.0,0.5,1.0,1.0,1.0,0.5,0.5,1.0,1.0,0.5,0.5
204450,Dr. Luiz Antonio Teixeira Jr.,PP,RJ,56,1.0,1.0,1.0,1.0,1.0,1.0,1.0,1.0,1.0,0.5,0.0,0.5
204351,Dr. Luiz Ovando,PSL,MS,56,1.0,1.0,1.0,1.0,1.0,1.0,0.5,1.0,1.0,1.0,1.0,0.5
178830,Dr. Sinval Malheiros,PODE,SP,56,0.5,0.5,0.5,0.5,0.5,0.5,0.5,0.5,0.5,0.5,0.5,1.0
204412,Dr. Zacharias Calil,DEM,GO,56,1.0,1.0,1.0,1.0,1.0,1.0,1.0,1.0,1.0,1.0,1.0,0.5
81297,Dra. Soraya Manato,PSL,ES,56,1.0,1.0,1.0,1.0,1.0,1.0,1.0,1.0,1.0,1.0,1.0,0.5
204434,Dra. Vanda Milani,SOLIDARIEDADE,AC,56,1.0,1.0,1.0,1.0,1.0,1.0,1.0,1.0,1.0,1.0,1.0,0.5
178994,Dulce Miranda,MDB,TO,56,1.0,1.0,1.0,1.0,0.5,1.0,1.0,1.0,0.5,1.0,0.0,1.0
204562,Edilázio Júnior,PSD,MA,56,0.0,0.5,1.0,1.0,1.0,1.0,0.0,1.0,1.0,1.0,0.0,0.5
141417,Edio Lopes,PL,RR,56,0.5,1.0,0.5,0.5,0.5,1.0,0.5,1.0,0.5,1.0,0.0,1.0
134812,Edmilson Rodrigues,PSOL,PA,56,0.5,0.5,0.5,0.5,0.0,0.0,0.5,0.5,0.5,1.0,0.5,0.5
204421,Edna Henrique,PSDB,PB,56,1.0,1.0,0.0,1.0,0.5,1.0,1.0,1.0,1.0,1.0,1.0,0.5
74655,Eduardo Barbosa,PSDB,MG,56,1.0,0.0,1.0,1.0,0.0,1.0,1.0,0.0,1.0,0.5,0.0,1.0
204541,Eduardo Bismarck,PDT,CE,56,1.0,0.0,0.0,0.0,0.0,0.0,0.0,0.0,0.5,1.0,0.0,0.5
92346,Eduardo Bolsonaro,PSL,SP,56,1.0,1.0,1.0,1.0,1.0,1.0,0.0,1.0,1.0,0.5,1.0,1.0
204552,Eduardo Braide,PODE,MA,56,0.5,0.5,0.5,0.5,0.0,0.0,0.5,0.5,0.5,1.0,0.5,0.5
204500,Eduardo Costa,PTB,PA,56,1.0,1.0,1.0,0.0,1.0,1.0,1.0,1.0,0.5,0.5,1.0,0.5
178977,Eduardo Cury,PSDB,SP,56,0.0,1.0,1.0,1.0,0.5,1.0,0.0,0.0,0.0,0.5,0.0,1.0
141421,Eduardo da Fonte,PP,PE,56,1.0,1.0,1.0,1.0,0.5,0.0,1.0,1.0,0.5,1.0,0.0,1.0
141422,Efraim Filho,DEM,PB,56,1.0,0.5,0.5,1.0,1.0,1.0,1.0,1.0,0.5,1.0,0.5,1.0
74075,Elcione Barbalho,MDB,PA,56,0.0,1.0,0.0,1.0,0.5,1.0,1.0,0.5,0.5,1.0,0.5,1.0
204364,Eli Borges,SOLIDARIEDADE,TO,56,1.0,1.0,0.0,1.0,0.0,1.0,1.0,1.0,0.5,1.0,1.0,0.5
160532,Eli Corrêa Filho,DEM,SP,56,1.0,1.0,1.0,1.0,0.5,1.0,1.0,1.0,1.0,1.0,0.0,0.5
204389,Elias Vaz,PSB,GO,56,1.0,0.5,0.0,0.0,0.0,0.0,1.0,0.0,0.5,1.0,0.0,0.5
178854,Elmar Nascimento,DEM,BA,56,0.0,1.0,1.0,1.0,0.5,1.0,0.0,0.5,1.0,1.0,0.5,1.0
218086,Ely Santos,REPUBLICANOS,SP,56,0.5,0.5,0.5,0.5,0.5,0.5,0.5,0.5,0.5,0.5,0.5,0.5
198783,Emanuel Pinheiro Neto,PTB,MT,56,1.0,1.0,0.0,0.0,1.0,1.0,1.0,1.0,1.0,1.0,1.0,0.5
161550,Emidinho Madeira,PSB,MG,56,1.0,1.0,1.0,1.0,1.0,1.0,1.0,0.5,0.0,1.0,1.0,0.5
207309,Enéias Reis,PSL,MG,56,0.5,0.5,0.5,0.5,1.0,0.5,0.5,0.5,0.5,1.0,0.5,0.5
132504,Enio Verri,PT,PR,56,1.0,0.0,0.0,0.0,0.0,0.0,1.0,0.0,0.0,0.5,0.0,0.0
204537,Enrico Misasi,PV,SP,56,0.0,1.0,1.0,0.0,1.0,1.0,0.0,1.0,0.0,1.0,1.0,0.5
160575,Erika Kokay,PT,DF,56,1.0,0.0,0.0,0.0,0.0,0.0,1.0,0.0,0.0,0.0,0.0,0.0
160640,Eros Biondini,PROS,MG,56,1.0,1.0,1.0,1.0,1.0,1.0,1.0,1.0,1.0,0.5,1.0,1.0
204482,Euclydes Pettersen,PSC,MG,56,1.0,0.5,1.0,1.0,1.0,1.0,1.0,1.0,1.0,1.0,1.0,0.5
178871,Evair Vieira de Melo,PP,ES,56,1.0,1.0,1.0,1.0,1.0,1.0,1.0,1.0,1.0,1.0,1.0,1.0
178953,Expedito Netto,PSD,RO,56,1.0,1.0,0.0,1.0,1.0,0.0,1.0,1.0,0.0,1.0,1.0,0.0
211866,Fabiano Tolentino,CIDADANIA,MG,56,0.5,0.5,0.5,0.5,1.0,0.5,0.5,0.5,0.5,1.0,0.5,0.5
141428,Fábio Faria,PSD,RN,56,0.5,0.5,0.5,0.5,1.0,1.0,0.5,0.5,0.5,0.5,0.5,0.5
68720,Fábio Henrique,PDT,SE,56,1.0,0.0,0.0,0.0,1.0,0.0,0.0,0.0,0.5,1.0,0.0,0.5
178969,Fábio Mitidieri,PSD,SE,56,1.0,1.0,0.0,1.0,0.5,1.0,0.0,0.5,0.0,1.0,0.5,0.5
141427,Fábio Ramalho,MDB,MG,56,0.0,0.0,0.5,1.0,0.5,1.0,1.0,1.0,1.0,0.5,0.5,1.0
171623,Fabio Reis,MDB,SE,56,1.0,1.0,1.0,1.0,1.0,1.0,1.0,1.0,0.5,0.5,1.0,1.0
204368,Fabio Schiochet,PSL,SC,56,1.0,0.5,1.0,1.0,1.0,1.0,1.0,1.0,1.0,0.5,1.0,0.5
160587,Fábio Trad,PSD,MS,56,1.0,1.0,0.0,0.0,1.0,1.0,0.0,0.0,0.0,1.0,0.0,0.5
66828,Fausto Pinato,PP,SP,56,1.0,1.0,1.0,1.0,1.0,1.0,1.0,1.0,1.0,1.0,0.0,1.0
204477,Felício Laterça,PSL,RJ,56,0.0,1.0,1.0,1.0,1.0,1.0,1.0,1.0,1.0,1.0,1.0,0.5
72442,Felipe Carreras,PSB,PE,56,0.0,1.0,0.5,1.0,0.0,1.0,0.0,0.0,0.0,1.0,0.0,0.5
204398,Felipe Francischini,PSL,PR,56,1.0,1.0,1.0,1.0,1.0,1.0,1.0,1.0,1.0,1.0,1.0,0.5
204371,Felipe Rigoni,PSL,ES,56,0.0,1.0,1.0,0.0,0.0,1.0,0.0,0.0,0.5,1.0,0.5,0.5
160666,Félix Mendonça Júnior,PDT,BA,56,1.0,0.0,0.0,0.0,1.0,0.0,0.0,0.0,0.5,1.0,0.0,0.0
204407,Fernanda Melchionna,PSOL,RS,56,1.0,0.0,0.0,0.0,0.0,0.0,0.0,0.0,0.0,1.0,0.0,0.5
212504,Fernando Borja,AVANTE,MG,56,0.5,0.5,0.5,0.5,0.5,0.5,0.5,0.5,0.5,1.0,0.5,0.5
141431,Fernando Coelho Filho,DEM,PE,56,1.0,1.0,1.0,1.0,0.5,1.0,1.0,1.0,1.0,1.0,0.0,1.0
204445,Fernando Mineiro,PT,RN,56,0.5,0.5,0.5,0.5,0.5,0.5,0.5,0.5,0.5,0.5,0.5,0.5
92699,Fernando Monteiro,PP,PE,56,1.0,1.0,1.0,1.0,1.0,0.0,1.0,1.0,0.5,1.0,0.0,1.0
204427,Fernando Rodolfo,PL,PE,56,1.0,1.0,0.0,0.5,1.0,1.0,1.0,0.5,0.5,1.0,0.5,0.5
204411,Filipe Barros,PSL,PR,56,0.5,0.5,1.0,1.0,0.5,1.0,1.0,0.5,0.5,1.0,1.0,0.5
204354,Flávia Arruda,PL,DF,56,0.5,0.5,0.5,0.5,1.0,1.0,0.5,0.5,0.5,1.0,0.5,0.5
160598,Flávia Morais,PDT,GO,56,1.0,0.0,0.0,0.5,1.0,0.5,0.0,0.0,0.5,1.0,0.5,1.0
141434,Flaviano Melo,MDB,AC,56,1.0,1.0,1.0,1.0,1.0,1.0,1.0,1.0,0.5,1.0,0.5,1.0
191923,Flávio Nogueira,PDT,PI,56,0.5,1.0,1.0,1.0,1.0,1.0,1.0,1.0,0.0,1.0,0.0,0.5
204447,Flordelis,PSD,RJ,56,0.5,1.0,0.0,1.0,0.0,1.0,0.5,1.0,1.0,1.0,0.5,0.5
204392,Francisco Jr.,PSD,GO,56,0.0,1.0,0.0,1.0,1.0,1.0,0.0,1.0,0.5,1.0,1.0,0.5
204510,Franco Cartafina,PP,MG,56,1.0,1.0,1.0,0.5,1.0,1.0,1.0,0.0,1.0,1.0,1.0,0.5
204494,Fred Costa,PATRIOTA,MG,56,1.0,1.0,1.0,0.5,0.0,1.0,1.0,1.0,1.0,1.0,1.0,0.5
204393,Frei Anastacio Ribeiro,PT,PB,56,1.0,0.0,0.0,0.0,0.0,0.0,1.0,0.0,0.0,1.0,0.0,0.5
74200,Gastão Vieira,PROS,MA,56,1.0,1.0,1.0,0.5,1.0,1.0,1.0,1.0,1.0,1.0,0.0,0.5
115746,Gelson Azevedo,PL,RJ,56,1.0,0.5,1.0,1.0,1.0,1.0,1.0,1.0,1.0,1.0,0.5,0.5
160669,Genecias Noronha,SOLIDARIEDADE,CE,56,1.0,1.0,1.0,0.5,1.0,1.0,1.0,1.0,1.0,0.5,0.0,0.5
204473,General Girão,PSL,RN,56,1.0,1.0,1.0,1.0,1.0,1.0,1.0,1.0,1.0,0.5,1.0,0.5
204484,General Peternelli,PSL,SP,56,1.0,1.0,0.5,1.0,1.0,1.0,1.0,1.0,1.0,1.0,1.0,0.5
204527,Geninho Zuliani,DEM,SP,56,1.0,1.0,1.0,1.0,1.0,1.0,0.0,1.0,1.0,1.0,0.0,0.5
178966,Geovania de Sá,PSDB,SC,56,1.0,1.0,1.0,1.0,1.0,1.0,1.0,1.0,1.0,1.0,1.0,1.0
74374,Geraldo Resende,PSDB,MS,56,0.5,0.5,0.5,0.5,0.5,0.5,0.5,0.5,0.5,0.5,0.5,1.0
204394,Gervásio Maia,PSB,PB,56,1.0,0.0,0.0,0.0,0.0,0.0,1.0,0.0,0.0,1.0,0.0,0.5
74383,Giacobo,PL,PR,56,1.0,1.0,1.0,1.0,1.0,1.0,1.0,1.0,1.0,0.5,0.5,1.0
204575,Gil Cutrim,REPUBLICANOS,MA,56,1.0,1.0,1.0,1.0,0.0,1.0,1.0,1.0,1.0,1.0,0.0,0.5
204491,Gilberto Abramo,REPUBLICANOS,MG,56,1.0,1.0,1.0,1.0,1.0,1.0,1.0,1.0,1.0,1.0,1.0,0.5
74270,Gilberto Nascimento,PSC,SP,56,0.5,1.0,1.0,0.5,0.5,1.0,1.0,0.5,0.5,1.0,1.0,1.0
204365,Gilson Marques,NOVO,SC,56,0.0,1.0,1.0,1.0,1.0,1.0,0.0,1.0,0.0,1.0,1.0,0.5
160673,Giovani Cherini,PL,RS,56,1.0,1.0,1.0,1.0,1.0,1.0,1.0,1.0,1.0,1.0,1.0,1.0
178996,Giovani Feltes,MDB,RS,56,0.0,0.5,1.0,1.0,1.0,1.0,0.0,1.0,0.5,1.0,1.0,0.5
152605,Glauber Braga,PSOL,RJ,56,0.5,0.0,0.0,0.0,0.0,0.0,0.0,0.0,0.0,0.0,0.0,0.0
204419,Glaustin da Fokus,PSC,GO,56,1.0,1.0,1.0,1.0,1.0,1.0,1.0,1.0,1.0,0.5,1.0,0.5
107283,Gleisi Hoffmann,PT,PR,56,1.0,0.0,0.0,0.0,0.0,0.0,1.0,0.0,0.0,0.5,0.0,0.5
74419,Gonzaga Patriota,PSB,PE,56,1.0,0.0,0.0,0.5,1.0,0.0,1.0,0.0,0.5,1.0,0.5,0.0
129618,GORETE PEREIRA,PL,CE,56,0.5,1.0,0.5,0.5,0.5,0.5,0.5,0.5,0.5,0.5,0.5,1.0
198197,Greyce Elias,AVANTE,MG,56,1.0,0.5,1.0,1.0,0.5,1.0,1.0,1.0,1.0,0.5,1.0,0.5
204513,Guiga Peixoto,PSL,SP,56,0.0,1.0,1.0,1.0,1.0,1.0,0.0,1.0,1.0,1.0,1.0,0.5
204531,Guilherme Derrite,PP,SP,56,1.0,0.5,1.0,1.0,1.0,1.0,1.0,1.0,1.0,1.0,1.0,0.5
160667,Guilherme Mussi,PP,SP,56,1.0,0.5,1.0,0.5,0.5,1.0,1.0,1.0,1.0,0.5,0.0,1.0
204442,Gurgel,PSL,RJ,56,1.0,1.0,1.0,1.0,1.0,1.0,1.0,1.0,1.0,1.0,1.0,0.5
73460,Gustavo Fruet,PDT,PR,56,1.0,0.0,0.0,0.0,0.0,0.0,0.0,0.0,0.0,1.0,0.0,0.5
204408,Gustinho Ribeiro,SOLIDARIEDADE,SE,56,1.0,1.0,0.5,1.0,1.0,1.0,1.0,1.0,0.5,1.0,0.0,0.5
204456,Gutemberg Reis,MDB,RJ,56,1.0,0.5,1.0,1.0,1.0,1.0,0.0,1.0,0.5,1.0,1.0,0.5
204465,Haroldo Cathedral,PSD,RR,56,1.0,1.0,0.0,1.0,0.5,1.0,0.0,1.0,1.0,1.0,1.0,0.5
204548,Heitor Freire,PSL,CE,56,1.0,1.0,1.0,1.0,1.0,1.0,0.0,1.0,1.0,1.0,1.0,0.5
178964,Heitor Schuch,PSB,RS,56,1.0,0.0,0.0,0.0,0.0,0.0,0.0,0.0,0.0,1.0,1.0,0.0
178873,Helder Salomão,PT,ES,56,1.0,0.0,0.0,0.0,0.0,0.0,1.0,0.0,0.5,0.5,0.0,0.0
204373,Hélio Costa,REPUBLICANOS,SC,56,1.0,1.0,1.0,1.0,1.0,1.0,1.0,1.0,1.0,1.0,1.0,0.5
178909,Hélio Leite,DEM,PA,56,1.0,1.0,0.5,1.0,1.0,1.0,1.0,1.0,1.0,1.0,1.0,1.0
204444,Helio Lopes,PSL,RJ,56,1.0,1.0,1.0,1.0,1.0,1.0,1.0,1.0,1.0,1.0,1.0,0.5
217036,Henrique do Paraíso,REPUBLICANOS,SP,56,1.0,0.5,1.0,0.5,0.5,0.5,1.0,1.0,0.5,0.5,1.0,0.5
73482,Henrique Fontana,PT,RS,56,1.0,0.0,0.0,0.0,0.0,0.0,1.0,0.0,0.0,1.0,0.0,0.0
204539,Hercílio Coelho Diniz,MDB,MG,56,0.0,1.0,1.0,1.0,1.0,1.0,0.0,1.0,0.5,1.0,1.0,0.5
178981,Herculano Passos,MDB,SP,56,1.0,1.0,0.0,1.0,1.0,1.0,1.0,0.5,0.5,1.0,0.5,1.0
73772,Hermes Parcianello,MDB,PR,56,1.0,1.0,1.0,0.0,0.0,1.0,1.0,0.0,0.5,1.0,0.5,1.0
178884,Hildo Rocha,MDB,MA,56,1.0,1.0,1.0,1.0,1.0,1.0,0.0,1.0,0.5,0.5,0.5,1.0
178959,Hiran Gonçalves,PP,RR,56,1.0,1.0,1.0,1.0,1.0,1.0,1.0,1.0,1.0,0.5,0.5,1.0
141450,Hugo Leal,PSD,RJ,56,1.0,1.0,1.0,0.5,1.0,1.0,1.0,1.0,1.0,1.0,1.0,1.0
160674,Hugo Motta,REPUBLICANOS,PB,56,1.0,1.0,1.0,1.0,1.0,0.0,1.0,1.0,1.0,0.5,0.5,1.0
204533,Idilvan Alencar,PDT,CE,56,1.0,0.0,0.0,0.0,0.0,0.0,0.0,0.0,0.0,0.5,0.0,0.5
204564,Igor Kannário,DEM,BA,56,0.5,1.0,1.0,1.0,0.5,1.0,1.0,1.0,1.0,1.0,1.0,0.5
204508,Igor Timo,PODE,MG,56,1.0,1.0,0.0,1.0,1.0,1.0,1.0,1.0,0.0,1.0,0.5,0.5
67138,Iracema Portella,PP,PI,56,1.0,0.5,1.0,0.5,0.5,1.0,1.0,1.0,1.0,0.5,1.0,1.0
204436,Isnaldo Bulhões Jr.,MDB,AL,56,1.0,0.5,1.0,0.5,1.0,1.0,1.0,1.0,0.5,1.0,0.0,0.5
73531,Ivan Valente,PSOL,SP,56,1.0,0.0,0.0,0.0,0.0,0.0,0.0,0.0,0.0,0.0,0.0,0.0
74848,Jandira Feghali,PCdoB,RJ,56,1.0,0.0,0.0,0.0,0.0,0.0,1.0,0.0,0.0,1.0,0.0,0.0
108338,Jaqueline Cassol,PP,RO,56,1.0,1.0,0.0,1.0,1.0,1.0,1.0,1.0,1.0,1.0,1.0,0.5
160672,Jean Wyllys,PSOL,RJ,56,0.5,0.5,0.5,0.5,0.5,0.5,0.5,0.5,0.5,0.5,0.5,0.0
74273,Jefferson Campos,PSB,SP,56,1.0,1.0,0.0,1.0,0.0,1.0,1.0,1.0,0.5,1.0,1.0,1.0
160570,Jerônimo Goergen,PP,RS,56,1.0,1.0,1.0,1.0,0.5,1.0,0.0,1.0,1.0,0.5,1.0,1.0
178839,Jéssica Sales,MDB,AC,56,1.0,1.0,0.0,0.5,1.0,0.5,0.5,0.0,0.0,1.0,1.0,1.0
204435,Jesus Sérgio,PDT,AC,56,1.0,0.0,1.0,0.0,1.0,1.0,0.0,0.0,0.5,1.0,1.0,0.5
178842,Jhc,PSB,AL,56,0.5,0.5,0.5,0.5,1.0,0.0,0.5,0.5,0.5,0.5,0.5,0.0
160531,Jhonatan de Jesus,REPUBLICANOS,RR,56,1.0,1.0,1.0,0.5,0.5,1.0,1.0,0.5,1.0,1.0,0.5,1.0
74366,João Campos,REPUBLICANOS,GO,56,0.0,1.0,1.0,1.0,1.0,1.0,1.0,0.5,1.0,1.0,1.0,1.0
141458,João Carlos Bacelar,PL,BA,56,1.0,0.5,1.0,0.5,0.5,1.0,1.0,0.5,1.0,1.0,0.0,1.0
178970,João Daniel,PT,SE,56,1.0,0.0,0.0,0.5,0.0,0.0,0.5,0.0,0.5,1.0,0.0,0.0
204429,João H. Campos,PSB,PE,56,0.5,0.5,0.5,0.5,0.0,0.0,0.5,0.5,0.5,1.0,0.5,0.5
141459,João Maia,PL,RN,56,1.0,1.0,1.0,1.0,1.0,1.0,1.0,1.0,1.0,0.5,0.0,0.5
112437,João Marcelo Souza,MDB,MA,56,1.0,1.0,0.5,1.0,0.0,1.0,0.5,0.5,0.5,0.5,0.5,1.0
204576,João Roma,REPUBLICANOS,BA,56,0.5,1.0,0.5,0.5,1.0,1.0,0.5,0.5,0.5,0.5,0.5,0.5
178910,Joaquim Passarinho,PSD,PA,56,1.0,1.0,1.0,1.0,1.0,1.0,0.0,1.0,1.0,1.0,1.0,1.0
204468,Joenia Wapichana,REDE,RR,56,1.0,0.0,0.0,0.0,0.0,0.0,0.0,0.0,0.0,1.0,0.0,0.5
204546,Joice Hasselmann,PSL,SP,56,0.0,1.0,1.0,1.0,0.5,1.0,0.0,1.0,0.0,1.0,0.0,0.5
217480,Jones Moura,PSD,RJ,56,0.5,0.5,0.5,0.5,0.5,0.5,0.5,0.5,0.5,0.5,0.5,0.5
205550,Jorge Braz,REPUBLICANOS,RJ,56,1.0,1.0,1.0,1.0,0.5,1.0,1.0,1.0,1.0,1.0,1.0,0.5
214694,Jorge Goetten,PL,SC,56,0.5,0.5,0.5,0.5,0.5,0.5,0.5,0.5,0.5,0.5,0.5,0.5
178857,Jorge Solla,PT,BA,56,1.0,0.0,0.0,0.5,0.0,0.0,1.0,0.0,0.0,0.5,0.0,0.0
218245,Jorielson,PL,AP,56,0.5,0.5,0.5,0.5,0.5,0.5,0.5,0.5,0.5,0.5,0.5,0.5
141464,José Airton Félix Cirilo,PT,CE,56,1.0,0.0,0.0,0.0,0.0,0.0,1.0,0.5,0.5,1.0,0.0,0.0
141470,José Guimarães,PT,CE,56,1.0,0.0,0.0,0.0,0.0,0.5,1.0,0.0,0.0,1.0,0.0,0.0
204386,Jose Mario Schreiner,DEM,GO,56,1.0,1.0,1.0,1.0,1.0,1.0,1.0,1.0,1.0,1.0,1.0,0.5
204472,José Medeiros,PODE,MT,56,1.0,1.0,1.0,1.0,1.0,1.0,1.0,0.5,1.0,0.5,1.0,0.5
204391,José Nelto,PODE,GO,56,1.0,1.0,1.0,0.0,1.0,1.0,1.0,0.0,1.0,0.5,0.0,0.5
160619,José Nunes,PSD,BA,56,1.0,1.0,1.0,1.0,1.0,1.0,1.0,1.0,1.0,1.0,0.5,1.0
74079,José Priante,MDB,PA,56,1.0,1.0,0.5,0.5,1.0,1.0,1.0,0.5,0.5,1.0,0.0,1.0
204555,José Ricardo,PT,AM,56,1.0,0.0,0.0,0.0,0.0,0.0,0.0,0.0,0.5,1.0,0.0,0.5
74554,José Rocha,PL,BA,56,1.0,1.0,1.0,0.5,1.0,1.0,0.5,1.0,0.5,0.5,0.0,1.0
209189,Joseildo Ramos,PT,BA,56,1.0,0.0,0.0,0.5,0.0,0.0,1.0,0.0,0.5,1.0,0.0,0.5
74141,Josias Gomes,PT,BA,56,0.5,0.5,0.5,0.5,0.5,0.5,0.5,0.5,0.5,0.5,0.5,0.5
204563,Josimar Maranhãozinho,PL,MA,56,1.0,0.5,0.5,1.0,0.5,1.0,0.0,0.5,0.5,0.5,0.0,0.5
215043,Josivaldo JP,PODE,MA,56,1.0,1.0,1.0,1.0,0.5,0.5,1.0,1.0,0.0,0.5,1.0,0.5
204474,Juarez Costa,MDB,MT,56,1.0,1.0,0.0,1.0,0.5,1.0,1.0,1.0,0.0,1.0,1.0,0.5
204420,Julian Lemos,PSL,PB,56,1.0,1.0,0.5,1.0,1.0,1.0,1.0,1.0,1.0,0.5,1.0,0.5
74317,Júlio Cesar,PSD,PI,56,1.0,1.0,1.0,1.0,1.0,0.5,1.0,1.0,1.0,1.0,1.0,1.0
204372,Julio Cesar Ribeiro,REPUBLICANOS,DF,56,1.0,1.0,1.0,1.0,1.0,1.0,1.0,1.0,1.0,1.0,1.0,0.5
73586,Júlio Delgado,PSB,MG,56,1.0,0.5,0.0,0.0,0.0,0.0,0.0,1.0,0.0,1.0,1.0,0.0
74253,Julio Lopes,PP,RJ,56,1.0,0.5,1.0,0.5,0.5,0.5,1.0,1.0,1.0,0.5,0.0,1.0
204457,Juninho do Pneu,DEM,RJ,56,0.5,1.0,0.5,1.0,0.5,1.0,0.5,0.5,0.5,1.0,0.5,0.5
204520,Junio Amaral,PSL,MG,56,0.0,1.0,1.0,1.0,1.0,1.0,0.0,1.0,1.0,1.0,1.0,0.5
204497,Júnior Ferrari,PSD,PA,56,1.0,1.0,1.0,1.0,1.0,1.0,0.0,1.0,1.0,1.0,1.0,0.5
204574,Junior Lourenço,PL,MA,56,0.5,1.0,1.0,1.0,0.5,1.0,1.0,1.0,0.5,0.5,0.0,0.5
204550,Júnior Mano,PL,CE,56,1.0,1.0,0.0,0.5,0.5,1.0,1.0,1.0,1.0,1.0,0.0,0.5
178886,Juscelino Filho,DEM,MA,56,1.0,1.0,1.0,0.5,0.5,1.0,1.0,1.0,1.0,1.0,0.5,1.0
204536,Kim Kataguiri,DEM,SP,56,0.5,1.0,1.0,1.0,1.0,1.0,0.0,1.0,0.0,1.0,0.0,0.5
151208,Laercio Oliveira,PP,SE,56,1.0,1.0,1.0,0.5,1.0,1.0,1.0,0.0,0.0,1.0,1.0,1.0
141478,Laerte Bessa,PL,DF,56,0.0,0.5,1.0,0.5,0.5,0.5,1.0,0.5,1.0,0.5,0.5,1.0
98057,Lafayette de Andrada,REPUBLICANOS,MG,56,1.0,1.0,1.0,1.0,1.0,1.0,1.0,1.0,1.0,1.0,1.0,0.5
74856,Laura Carneiro,DEM,RJ,56,0.5,0.5,0.5,0.5,0.5,0.5,0.5,0.5,0.5,0.5,0.5,1.0
160534,Lauriete,PSC,ES,56,1.0,1.0,1.0,1.0,0.5,1.0,1.0,1.0,1.0,1.0,1.0,0.5
178832,Leandre,PV,PR,56,1.0,1.0,1.0,0.0,0.0,1.0,1.0,1.0,0.0,0.5,1.0,1.0
204375,Leda Sadala,AVANTE,AP,56,1.0,1.0,0.0,1.0,1.0,1.0,1.0,1.0,0.5,1.0,0.5,0.5
178825,Leo de Brito,PT,AC,56,1.0,0.0,0.0,0.0,0.5,0.5,1.0,0.0,0.5,0.5,0.0,0.0
204359,Léo Moraes,PODE,RO,56,0.0,1.0,0.0,1.0,1.0,1.0,1.0,1.0,0.0,0.5,1.0,0.5
204547,Léo Motta,PSL,MG,56,0.5,1.0,0.5,1.0,1.0,1.0,0.5,1.0,1.0,1.0,1.0,0.5
122195,Leonardo Gadelha,PSC,PB,56,0.5,0.5,0.5,0.5,0.5,0.5,0.5,0.5,0.5,0.5,0.5,0.5
74156,Leonardo Monteiro,PT,MG,56,1.0,0.5,0.0,0.0,0.0,0.0,1.0,0.0,0.0,1.0,0.0,0.0
74254,Leonardo Picciani,MDB,RJ,56,1.0,0.5,1.0,0.5,0.5,0.5,1.0,0.5,0.5,0.5,0.5,0.5
74299,Leônidas Cristino,PDT,CE,56,1.0,0.0,0.0,0.0,0.0,0.0,0.0,0.0,0.5,1.0,0.0,0.0
92102,Leur Lomanto Júnior,DEM,BA,56,1.0,1.0,0.5,1.0,1.0,1.0,0.0,1.0,0.5,1.0,1.0,0.5
139285,Lídice da Mata,PSB,BA,56,1.0,0.0,0.0,0.0,0.0,0.0,1.0,0.0,0.5,1.0,0.0,0.5
74585,Lincoln Portela,PL,MG,56,1.0,1.0,1.0,1.0,1.0,1.0,1.0,1.0,1.0,1.0,1.0,0.0
204405,Liziane Bayer,PSB,RS,56,0.0,1.0,0.0,1.0,1.0,1.0,1.0,1.0,1.0,1.0,1.0,0.5
204382,Loester Trutis,PSL,MS,56,0.0,1.0,1.0,1.0,1.0,1.0,1.0,1.0,1.0,1.0,1.0,0.5
196358,Lourival Gomes,PSL,RJ,56,1.0,1.0,1.0,1.0,1.0,1.0,1.0,1.0,0.5,0.5,1.0,0.5
204523,Lucas Gonzalez,NOVO,MG,56,0.0,1.0,1.0,1.0,1.0,1.0,0.0,1.0,0.0,1.0,1.0,0.5
204404,Lucas Redecker,PSDB,RS,56,0.0,1.0,1.0,1.0,1.0,1.0,0.0,1.0,0.0,1.0,1.0,0.5
178879,Lucas Vergilio,SOLIDARIEDADE,GO,56,1.0,1.0,1.0,0.5,0.5,1.0,1.0,0.5,1.0,1.0,0.0,1.0
74478,Luciano Bivar,PSL,PE,56,0.5,0.5,0.5,0.5,0.5,1.0,0.0,1.0,1.0,1.0,0.0,0.5
178931,Luciano Ducci,PSB,PR,56,1.0,1.0,0.0,1.0,0.0,0.0,1.0,0.0,0.0,0.5,1.0,1.0
178954,Lucio Mosquini,MDB,RO,56,1.0,0.5,1.0,0.5,1.0,1.0,0.5,1.0,0.5,0.5,1.0,1.0
204381,Luis Miranda,DEM,DF,56,0.0,1.0,1.0,1.0,1.0,1.0,1.0,1.0,1.0,1.0,0.0,0.5
160510,Luis Tibé,AVANTE,MG,56,1.0,0.5,0.5,0.5,1.0,1.0,1.0,1.0,1.0,1.0,0.0,1.0
204410,Luisa Canziani,PTB,PR,56,1.0,1.0,1.0,0.5,1.0,1.0,1.0,1.0,1.0,0.5,0.5,0.5
204448,Luiz Antônio Corrêa,PL,RJ,56,1.0,1.0,1.0,1.0,1.0,1.0,1.0,1.0,0.0,1.0,0.0,0.5
160645,Luiz Carlos,PSDB,AP,56,0.5,1.0,0.5,1.0,0.5,1.0,0.5,0.5,1.0,1.0,0.5,0.5
204485,Luiz Carlos Motta,PL,SP,56,1.0,1.0,1.0,1.0,1.0,0.0,1.0,0.0,1.0,1.0,0.0,0.5
204543,Luiz Flávio Gomes,PSB,SP,56,0.5,0.5,0.5,0.5,0.5,0.0,0.5,0.5,0.5,0.5,0.5,0.5
178982,Luiz Lauro Filho,PSDB,SP,56,0.5,0.5,0.5,0.5,0.5,0.5,0.5,0.5,0.5,0.5,0.5,1.0
204455,Luiz Lima,PSL,RJ,56,1.0,1.0,1.0,1.0,1.0,1.0,1.0,1.0,1.0,1.0,1.0,0.5
162332,Luiz Nishimori,PL,PR,56,1.0,0.5,1.0,1.0,1.0,1.0,1.0,1.0,1.0,0.5,1.0,1.0
204526,Luiz Philippe de Orleans e Bragança,PSL,SP,56,0.0,1.0,1.0,1.0,1.0,1.0,0.0,1.0,0.0,1.0,1.0,0.5
74784,Luiza Erundina,PSOL,SP,56,1.0,0.0,0.0,0.0,0.0,0.0,0.0,0.0,0.0,0.0,0.0,0.0
204418,Luizão Goulart,REPUBLICANOS,PR,56,1.0,1.0,1.0,1.0,1.0,1.0,1.0,1.0,1.0,1.0,0.0,0.5
178866,Luizianne Lins,PT,CE,56,1.0,0.5,0.0,0.0,0.5,0.0,0.5,0.0,0.5,0.5,0.0,0.0
166402,Magda Mofatto,PL,GO,56,1.0,1.0,1.0,1.0,1.0,1.0,1.0,1.0,1.0,1.0,1.0,1.0
204458,Major Fabiana,PSL,RJ,56,1.0,1.0,1.0,1.0,1.0,0.5,0.0,1.0,1.0,1.0,1.0,0.5
141490,MANOEL JUNIOR,PSC,PB,56,0.5,0.5,0.5,0.5,0.5,0.5,0.5,0.5,0.5,0.5,0.5,1.0
204469,Manuel Marcos,REPUBLICANOS,AC,56,0.5,0.5,0.5,0.5,1.0,1.0,0.5,0.5,0.5,0.5,0.5,0.5
204471,Mara Rocha,PSDB,AC,56,1.0,1.0,0.0,1.0,1.0,1.0,0.0,1.0,1.0,1.0,1.0,0.5
212749,Marcão Gomes,PL,RJ,56,0.5,0.5,0.5,0.5,0.5,0.5,0.5,0.5,0.5,0.5,0.5,0.5
156190,Marcel van Hattem,NOVO,RS,56,0.0,1.0,1.0,1.0,1.0,1.0,0.0,1.0,0.0,1.0,1.0,0.5
179000,Marcelo Álvaro Antônio,PSL,MG,56,1.0,1.0,1.0,0.5,0.5,1.0,1.0,1.0,1.0,0.5,0.5,1.0
146788,Marcelo Aro,PP,MG,56,1.0,0.5,1.0,1.0,0.5,1.0,1.0,1.0,1.0,0.5,0.0,0.5
205863,Marcelo Brum,PSL,RS,56,1.0,1.0,1.0,1.0,1.0,0.5,1.0,1.0,1.0,1.0,1.0,0.5
204433,Marcelo Calero,CIDADANIA,RJ,56,0.5,0.5,0.5,0.5,0.0,1.0,0.5,0.0,0.5,1.0,0.0,0.5
76874,Marcelo Freixo,PSB,RJ,56,1.0,0.0,0.0,0.0,0.0,0.0,1.0,0.0,0.0,1.0,0.0,0.5
133810,Marcelo Moraes,PTB,RS,56,1.0,0.0,1.0,1.0,1.0,1.0,1.0,1.0,1.0,1.0,1.0,0.5
204558,Marcelo Nilo,PSB,BA,56,1.0,0.0,0.0,0.0,0.0,0.0,1.0,0.0,0.5,1.0,0.0,0.5
204556,Marcelo Ramos,PL,AM,56,1.0,1.0,0.5,1.0,0.5,1.0,1.0,0.5,1.0,1.0,0.0,0.5
118594,Marcelo Squassoni,REPUBLICANOS,SP,56,0.5,0.5,0.5,0.5,0.5,0.5,0.5,0.5,0.5,0.5,0.5,1.0
178983,Marcio Alvino,PL,SP,56,1.0,1.0,1.0,1.0,1.0,1.0,1.0,1.0,1.0,1.0,0.0,1.0
179001,Márcio Biolchi,MDB,RS,56,0.0,1.0,1.0,1.0,1.0,1.0,0.0,1.0,0.5,1.0,1.0,0.5
81055,Márcio Jerry,PCdoB,MA,56,0.5,0.5,0.5,0.5,0.5,0.0,0.5,0.5,0.5,1.0,0.5,0.5
204452,Márcio Labre,PSL,RJ,56,1.0,1.0,1.0,1.0,1.0,1.0,0.5,1.0,1.0,1.0,1.0,0.5
150418,Márcio Marinho,REPUBLICANOS,BA,56,1.0,0.5,1.0,1.0,1.0,1.0,1.0,0.5,1.0,1.0,1.0,1.0
204522,Marco Bertaiolli,PSD,SP,56,1.0,1.0,1.0,1.0,0.0,1.0,0.0,1.0,1.0,1.0,0.0,0.5
160536,MARCO TEBALDI,PSDB,SC,56,0.5,0.5,0.5,0.5,0.5,0.5,0.5,0.5,0.5,0.5,0.5,1.0
160535,Marcon,PT,RS,56,1.0,0.0,0.0,0.0,0.0,0.0,1.0,0.0,0.5,1.0,0.0,0.0
204431,Marcos Aurélio Sampaio,MDB,PI,56,1.0,1.0,1.0,0.5,1.0,1.0,0.5,0.5,0.5,1.0,0.0,0.5
204506,Marcos Pereira,REPUBLICANOS,SP,56,0.0,1.0,1.0,1.0,0.5,1.0,1.0,1.0,1.0,1.0,1.0,0.5
178943,Marcos Soares,DEM,RJ,56,0.0,1.0,1.0,1.0,0.5,0.5,1.0,0.5,1.0,0.5,1.0,1.0
159238,Marcus Pestana,PSDB,MG,56,0.5,0.5,0.5,0.5,0.5,0.5,0.5,0.5,0.5,0.5,0.5,1.0
204430,Margarete Coelho,PP,PI,56,1.0,1.0,1.0,0.5,0.0,1.0,1.0,0.5,1.0,0.5,0.0,0.5
171619,Margarida Salomão,PT,MG,56,0.5,0.5,0.5,0.5,0.0,0.0,0.5,0.5,0.5,1.0,0.5,0.5
74398,Maria do Rosário,PT,RS,56,1.0,0.0,0.5,0.0,0.0,0.0,0.0,0.5,0.0,0.5,0.5,0.0
204540,Maria Rosas,REPUBLICANOS,SP,56,1.0,1.0,1.0,0.5,0.0,1.0,1.0,1.0,1.0,1.0,1.0,0.5
178956,Mariana Carvalho,PSDB,RO,56,1.0,1.0,1.0,0.0,1.0,1.0,1.0,1.0,1.0,1.0,1.0,1.0
204428,Marília Arraes,PT,PE,56,1.0,0.0,0.0,0.0,0.5,0.5,1.0,0.0,0.0,0.5,0.0,0.5
204432,Marina Santos,PL,PI,56,1.0,1.0,1.0,0.5,1.0,1.0,1.0,1.0,1.0,1.0,1.0,0.5
74158,Mário Heringer,PDT,MG,56,1.0,0.5,0.0,0.0,0.5,0.0,0.0,0.0,0.5,1.0,0.0,1.0
178858,Mário Negromonte Jr.,PP,BA,56,1.0,1.0,1.0,0.5,1.0,0.0,1.0,1.0,0.0,1.0,0.0,1.0
204403,Marlon Santos,PDT,RS,56,1.0,0.5,1.0,1.0,0.5,1.0,1.0,1.0,1.0,1.0,1.0,0.5
204566,Marreca Filho,PATRIOTA,MA,56,1.0,1.0,1.0,0.5,0.5,1.0,1.0,1.0,1.0,1.0,0.0,0.5
178843,Marx Beltrão,PSD,AL,56,1.0,1.0,0.0,1.0,1.0,1.0,1.0,1.0,0.5,1.0,1.0,0.5
75431,Maurício Dziedricki,PTB,RS,56,1.0,1.0,1.0,1.0,1.0,1.0,1.0,1.0,1.0,1.0,1.0,0.5
204486,Mauro Benevides Filho,PDT,CE,56,0.5,0.5,0.5,0.5,0.0,0.5,0.5,0.5,0.5,1.0,0.5,0.5
74749,Mauro Lopes,MDB,MG,56,0.5,1.0,0.5,0.0,1.0,1.0,0.5,0.5,0.5,1.0,0.5,1.0
141508,Mauro Nazif,PSB,RO,56,1.0,0.0,0.0,0.0,0.0,0.0,1.0,0.0,0.0,1.0,1.0,0.5
188097,Merlong Solano,PT,PI,56,1.0,0.0,0.0,0.0,0.5,0.5,1.0,0.0,0.0,0.5,0.0,0.5
178984,Miguel Haddad,PSDB,SP,56,0.5,0.5,0.5,0.5,0.0,0.5,0.5,0.5,0.5,1.0,0.5,1.0
178985,Miguel Lombardi,PL,SP,56,1.0,1.0,1.0,1.0,1.0,1.0,1.0,1.0,1.0,1.0,1.0,1.0
92172,Milton Coelho,PSB,PE,56,1.0,0.0,0.0,0.5,0.5,0.5,1.0,0.0,0.0,0.5,0.0,0.5
154178,Milton Vieira,REPUBLICANOS,SP,56,0.5,1.0,0.5,1.0,0.0,1.0,0.5,0.5,0.5,1.0,0.5,0.5
178895,Misael Varella,PSD,MG,56,1.0,1.0,1.0,0.5,1.0,1.0,0.0,1.0,1.0,1.0,1.0,1.0
178997,Moses Rodrigues,MDB,CE,56,1.0,1.0,0.5,0.5,0.5,1.0,1.0,0.5,0.5,0.5,1.0,1.0
204453,Natália Bonavides,PT,RN,56,1.0,0.0,0.0,0.0,0.0,0.0,0.0,0.0,0.0,0.0,0.0,0.5
204449,Nelson Barbudo,PSL,MT,56,1.0,1.0,1.0,1.0,1.0,1.0,1.0,1.0,1.0,1.0,1.0,0.5
74571,Nelson Pellegrino,PT,BA,56,0.5,0.5,0.5,0.5,0.0,0.0,0.5,0.5,0.5,0.5,0.5,0.5
204415,Nereu Crispim,PSL,RS,56,1.0,1.0,0.0,1.0,1.0,1.0,1.0,1.0,1.0,1.0,0.0,0.5
146307,Neri Geller,PP,MT,56,1.0,1.0,1.0,1.0,0.0,1.0,1.0,1.0,1.0,0.5,1.0,0.5
74165,Neucimar Fraga,PSD,ES,56,1.0,1.0,1.0,1.0,0.5,0.5,0.5,1.0,1.0,0.5,1.0,0.5
178896,Newton Cardoso Jr,MDB,MG,56,0.0,1.0,0.0,1.0,1.0,1.0,1.0,1.0,0.5,0.5,0.0,1.0
204384,Ney Leprevost,PSD,PR,56,0.5,0.5,0.5,0.5,0.5,0.5,0.5,0.5,0.5,0.5,0.5,0.5
204479,Nicoletti,PSL,RR,56,0.0,1.0,1.0,1.0,1.0,1.0,1.0,1.0,1.0,1.0,1.0,0.5
214445,Nilson F. Stainsack,PP,SC,56,0.5,0.5,0.5,0.5,0.5,0.5,0.5,0.5,0.5,0.5,0.5,0.5
74352,Nilson Pinto,PSDB,PA,56,1.0,1.0,1.0,0.5,1.0,1.0,1.0,1.0,1.0,1.0,0.0,1.0
178986,Nilto Tatto,PT,SP,56,1.0,0.0,0.0,0.0,0.0,0.0,1.0,0.5,0.0,1.0,0.0,0.0
194260,Nivaldo Albuquerque,PTB,AL,56,1.0,1.0,1.0,0.5,1.0,1.0,1.0,1.0,0.5,1.0,1.0,1.0
66179,Norma Ayub,DEM,ES,56,1.0,1.0,0.0,1.0,1.0,1.0,1.0,0.5,0.0,1.0,1.0,0.5
216198,Norma Pereira,PSDB,SC,56,0.5,0.5,0.5,0.5,0.5,0.5,0.5,0.5,0.5,0.5,0.5,0.5
74159,Odair Cunha,PT,MG,56,1.0,0.0,0.0,0.0,0.0,0.0,1.0,0.0,0.0,1.0,0.0,0.5
178868,Odorico Monteiro,PSB,CE,56,0.5,0.5,0.0,0.0,0.5,0.5,0.5,0.0,0.0,0.5,0.0,0.0
204498,Olival Marques,DEM,PA,56,1.0,1.0,1.0,0.5,1.0,1.0,1.0,1.0,0.5,1.0,1.0,0.5
74399,Onyx Lorenzoni,DEM,RS,56,0.5,0.5,0.5,0.5,0.5,1.0,0.5,0.5,0.5,0.5,0.5,1.0
178987,Orlando Silva,PCdoB,SP,56,1.0,0.0,0.0,0.0,0.5,0.0,1.0,0.0,0.0,0.5,0.0,0.0
204363,Osires Damaso,PSC,TO,56,1.0,1.0,1.0,1.0,1.0,1.0,1.0,1.0,1.0,1.0,1.0,0.5
73463,Osmar Serraglio,PP,PR,56,0.5,0.5,0.5,0.5,0.5,0.5,0.5,0.5,0.5,0.5,0.5,1.0
73692,Osmar Terra,MDB,RS,56,1.0,1.0,1.0,1.0,0.5,0.5,1.0,1.0,0.5,0.5,1.0,0.5
204422,Ossesio Silva,REPUBLICANOS,PE,56,1.0,1.0,1.0,1.0,1.0,1.0,1.0,1.0,1.0,1.0,1.0,0.5
141515,Otavio Leite,PSDB,RJ,56,1.0,1.0,1.0,0.5,0.5,0.5,1.0,0.5,1.0,0.5,0.5,1.0
204441,Otoni de Paula,PSC,RJ,56,0.5,1.0,1.0,1.0,1.0,1.0,1.0,1.0,1.0,0.5,1.0,0.5
204475,Ottaci Nascimento,SOLIDARIEDADE,RR,56,1.0,1.0,1.0,0.5,0.5,1.0,1.0,1.0,0.0,1.0,1.0,0.5
204573,Otto Alencar Filho,PSD,BA,56,1.0,1.0,0.0,1.0,1.0,1.0,0.0,1.0,0.0,1.0,0.0,0.5
160556,Padre João,PT,MG,56,1.0,0.0,0.0,0.0,0.0,0.0,1.0,0.0,0.5,1.0,0.0,0.0
74319,Paes Landim,PTB,PI,56,0.5,0.5,0.5,0.5,0.5,1.0,0.5,0.5,0.5,1.0,0.5,1.0
160642,Pastor Eurico,PATRIOTA,PE,56,1.0,1.0,1.0,1.0,0.0,1.0,1.0,1.0,1.0,1.0,1.0,1.0
204570,Pastor Gil,PL,MA,56,1.0,0.5,0.0,1.0,1.0,1.0,1.0,1.0,1.0,1.0,1.0,0.5
204553,Pastor Sargento Isidório,AVANTE,BA,56,1.0,0.0,0.0,0.0,0.0,0.0,0.5,0.5,0.5,1.0,0.5,0.5
205535,Patricia Ferraz,PODE,AP,56,0.5,0.5,0.5,0.5,0.5,0.5,0.5,0.5,0.5,0.5,0.5,0.5
74160,Patrus Ananias,PT,MG,56,1.0,0.5,0.0,0.0,0.0,0.5,1.0,0.0,0.5,1.0,0.0,0.0
204377,Paula Belmonte,CIDADANIA,DF,56,0.0,1.0,1.0,1.0,1.0,1.0,0.0,1.0,0.0,1.0,1.0,0.5
171617,Paulão,PT,AL,56,1.0,0.0,0.0,0.0,0.0,0.0,1.0,0.0,0.5,1.0,0.0,0.0
141516,Paulo Abi-Ackel,PSDB,MG,56,1.0,1.0,1.0,0.5,1.0,1.0,1.0,1.0,1.0,1.0,0.5,1.0
178860,Paulo Azi,DEM,BA,56,1.0,1.0,1.0,1.0,1.0,1.0,0.0,1.0,1.0,1.0,0.5,1.0
204538,Paulo Bengtson,PTB,PA,56,0.5,1.0,1.0,1.0,0.5,1.0,1.0,1.0,0.5,1.0,1.0,0.5
193726,Paulo Eduardo Martins,PSC,PR,56,0.0,1.0,1.0,1.0,1.0,1.0,0.0,1.0,0.0,1.0,1.0,0.5
160517,Paulo Foletto,PSB,ES,56,0.5,0.5,0.5,0.5,0.5,0.5,0.5,0.5,0.5,0.5,0.5,0.5
160558,Paulo Freire Costa,PL,SP,56,1.0,1.0,0.5,1.0,1.0,1.0,1.0,0.5,1.0,0.5,0.5,1.0
204461,Paulo Ganime,NOVO,RJ,56,0.0,1.0,1.0,1.0,1.0,1.0,0.0,1.0,0.0,1.0,1.0,0.5
204492,Paulo Guedes,PT,MG,56,1.0,0.0,0.0,0.0,0.0,0.0,1.0,0.0,0.0,1.0,0.0,0.5
74574,Paulo Magalhães,PSD,BA,56,1.0,1.0,1.0,1.0,0.5,1.0,1.0,0.5,1.0,1.0,0.0,1.0
128760,Paulo Marinho Jr,PL,MA,56,0.5,0.5,0.5,0.5,0.5,0.5,0.5,0.5,0.5,0.5,0.5,0.5
141518,Paulo Pereira da Silva,SOLIDARIEDADE,SP,56,0.5,0.0,0.5,0.5,1.0,0.0,1.0,0.5,0.5,0.5,0.0,1.0
74400,Paulo Pimenta,PT,RS,56,1.0,0.0,0.0,0.0,0.5,0.0,1.0,0.0,0.5,1.0,0.0,0.0
133968,Paulo Ramos,PDT,RJ,56,1.0,0.0,0.0,0.0,0.0,0.0,0.0,0.0,0.0,1.0,0.0,0.5
141488,Paulo Teixeira,PT,SP,56,1.0,0.0,0.0,0.0,0.0,0.0,1.0,0.0,0.0,0.5,0.0,0.0
216544,Paulo Vicente Caleffi,PSD,RS,56,0.0,0.5,0.5,1.0,0.5,0.5,1.0,1.0,1.0,0.5,1.0,0.5
90201,Pedro Augusto Bezerra,PTB,CE,56,1.0,1.0,0.0,1.0,0.5,1.0,1.0,0.0,0.5,1.0,0.0,0.5
215045,Pedro Augusto Palareti,PSD,RJ,56,1.0,1.0,1.0,0.5,0.5,0.5,0.0,1.0,1.0,0.5,0.0,0.5
178912,Pedro Cunha Lima,PSDB,PB,56,1.0,0.5,0.5,0.5,1.0,1.0,1.0,1.0,0.5,1.0,0.0,1.0
217330,Pedro Dalua,PSC,AP,56,1.0,0.5,0.0,0.5,0.5,0.5,1.0,0.5,0.5,0.5,1.0,0.5
122974,Pedro Lucas Fernandes,PTB,MA,56,1.0,1.0,1.0,1.0,1.0,1.0,1.0,1.0,1.0,1.0,0.0,0.5
204395,Pedro Lupion,DEM,PR,56,1.0,1.0,1.0,1.0,0.5,1.0,1.0,1.0,1.0,1.0,1.0,0.5
122158,Pedro Paulo,DEM,RJ,56,0.5,0.5,0.5,0.5,1.0,1.0,0.5,0.5,0.5,1.0,0.0,1.0
160604,Pedro Uczai,PT,SC,56,1.0,0.0,0.0,0.0,0.5,0.0,1.0,0.0,0.0,0.0,0.0,0.0
178844,Pedro Vilela,PSDB,AL,56,1.0,1.0,1.0,1.0,0.5,0.5,1.0,1.0,1.0,0.5,1.0,1.0
204406,Pedro Westphalen,PP,RS,56,0.5,1.0,0.5,1.0,1.0,1.0,0.5,0.5,1.0,1.0,0.5,0.5
73943,Perpétua Almeida,PCdoB,AC,56,0.5,0.0,0.0,0.0,0.0,0.0,1.0,0.0,0.0,1.0,0.0,0.5
204524,Pinheirinho,PP,MG,56,1.0,1.0,1.0,1.0,1.0,0.5,1.0,1.0,1.0,1.0,0.5,0.5
204529,Policial Katia Sastre,PL,SP,56,1.0,1.0,1.0,1.0,1.0,1.0,0.0,1.0,1.0,1.0,1.0,0.5
73486,Pompeo de Mattos,PDT,RS,56,1.0,0.0,0.0,0.5,1.0,0.0,0.0,0.0,0.5,1.0,1.0,0.0
160601,Pr. Marco Feliciano,PL,SP,56,1.0,0.5,1.0,1.0,1.0,1.0,1.0,1.0,1.0,1.0,1.0,1.0
204390,Professor Alcides,PP,GO,56,1.0,1.0,1.0,1.0,1.0,1.0,1.0,0.5,1.0,1.0,1.0,0.5
204383,Professor Israel Batista,PV,DF,56,1.0,0.0,0.0,0.0,0.0,0.0,0.0,0.0,0.0,1.0,0.0,0.5
204446,Professor Joziel,PSL,RJ,56,1.0,0.5,0.0,0.5,1.0,1.0,1.0,1.0,1.0,1.0,1.0,0.5
204565,Professora Dayane Pimentel,PSL,BA,56,0.0,1.0,1.0,1.0,1.0,1.0,0.0,1.0,1.0,1.0,0.0,0.5
160639,Professora Dorinha Seabra Rezende,DEM,TO,56,1.0,0.5,0.0,0.5,0.5,1.0,0.5,1.0,1.0,1.0,0.0,0.0
160641,Professora Marcivania,PCdoB,AP,56,1.0,0.0,0.0,0.0,0.5,0.0,1.0,0.0,0.0,0.5,0.0,0.0
204467,Professora Rosa Neide,PT,MT,56,1.0,0.5,0.0,0.0,0.0,0.0,1.0,0.0,0.0,1.0,0.0,0.5
215361,Rachel Marques,PT,CE,56,0.5,0.5,0.5,0.5,0.5,0.5,0.5,0.5,0.5,0.5,0.5,0.5
178951,Rafael Motta,PSB,RN,56,1.0,0.0,0.0,0.0,0.5,0.0,1.0,0.0,0.5,1.0,0.0,1.0
216313,Rafafá,PSDB,PB,56,0.5,0.5,0.5,1.0,0.5,0.5,0.5,0.5,1.0,0.5,0.5,0.5
204567,Raimundo Costa,PL,BA,56,0.5,0.5,1.0,1.0,1.0,1.0,1.0,1.0,1.0,1.0,0.0,0.5
141523,Raul Henry,MDB,PE,56,0.0,1.0,1.0,0.0,1.0,1.0,1.0,1.0,0.0,1.0,0.0,0.5
74161,Reginaldo Lopes,PT,MG,56,1.0,0.0,0.0,0.0,0.0,0.0,1.0,0.0,0.0,0.5,0.0,0.0
205865,Reinhold Stephanes Junior,PSD,PR,56,1.0,1.0,1.0,1.0,1.0,1.0,0.0,1.0,1.0,1.0,1.0,0.5
178925,Rejane Dias,PT,PI,56,1.0,0.0,0.0,0.0,0.0,0.5,1.0,0.0,0.5,1.0,0.0,0.5
178989,Renata Abreu,PODE,SP,56,0.0,0.5,0.0,0.0,0.5,1.0,1.0,1.0,0.0,1.0,1.0,1.0
214477,Renato Queiroz,MDB,RR,56,0.5,0.5,0.5,0.5,0.5,0.5,0.5,0.5,0.5,0.5,0.5,0.5
73801,Renildo Calheiros,PCdoB,PE,56,1.0,0.0,0.0,0.0,0.0,0.0,1.0,0.0,0.0,1.0,0.0,0.5
73788,Ricardo Barros,PP,PR,56,1.0,1.0,1.0,1.0,0.5,1.0,1.0,1.0,1.0,0.5,1.0,0.5
215042,Ricardo da Karol,PSC,RJ,56,1.0,1.0,0.0,1.0,0.5,0.5,1.0,1.0,1.0,0.5,1.0,0.5
204362,Ricardo Guidi,PSD,SC,56,1.0,1.0,1.0,1.0,1.0,1.0,0.0,1.0,1.0,1.0,1.0,0.5
160655,Ricardo Izar,PP,SP,56,1.0,0.5,0.5,0.5,0.0,1.0,1.0,1.0,1.0,0.5,1.0,1.0
211649,Ricardo Pericar,PSL,RJ,56,0.5,0.5,0.5,0.5,0.5,0.5,0.5,0.5,0.5,0.5,0.5,0.5
213274,Ricardo Silva,PSB,SP,56,1.0,1.0,0.0,1.0,0.5,0.5,0.0,0.0,0.0,0.5,1.0,0.5
178920,Ricardo Teobaldo,PODE,PE,56,0.5,1.0,0.0,1.0,1.0,1.0,1.0,1.0,0.0,1.0,1.0,1.0
204489,Robério Monteiro,PDT,CE,56,0.5,0.0,0.5,0.5,0.0,0.0,0.0,0.5,0.5,1.0,0.5,0.5
152610,Roberto Alves,REPUBLICANOS,SP,56,1.0,1.0,1.0,1.0,1.0,1.0,1.0,1.0,1.0,1.0,1.0,1.0
73674,ROBERTO BALESTRA,PP,GO,56,0.5,0.5,0.5,0.5,0.5,0.5,0.5,0.5,0.5,0.5,0.5,1.0
160653,Roberto de Lucena,PODE,SP,56,1.0,1.0,0.5,0.5,0.5,1.0,1.0,0.5,1.0,1.0,0.5,1.0
74305,Roberto Pessoa,PSDB,CE,56,0.5,0.5,0.5,0.5,1.0,1.0,0.5,0.5,0.5,1.0,0.5,0.5
204530,Rodrigo Agostinho,PSB,SP,56,1.0,0.0,0.0,0.0,0.0,1.0,0.0,0.0,0.0,1.0,0.0,0.5
204366,Rodrigo Coelho,PODE,SC,56,0.0,1.0,1.0,1.0,1.0,1.0,0.0,1.0,1.0,1.0,1.0,0.5
141531,Rodrigo de Castro,PSDB,MG,56,1.0,1.0,0.5,1.0,0.5,1.0,1.0,1.0,1.0,0.5,0.0,1.0
74693,Rodrigo Maia,S.PART.,RJ,56,0.5,1.0,1.0,0.0,0.5,1.0,0.0,0.0,0.0,0.5,0.0,0.5
204480,Rogério Correia,PT,MG,56,1.0,0.0,0.0,0.0,0.0,0.0,1.0,0.0,0.0,1.0,0.0,0.5
160651,Rogério Peninha Mendonça,MDB,SC,56,1.0,1.0,1.0,1.0,1.0,1.0,0.0,1.0,1.0,1.0,1.0,1.0
178930,Roman,PATRIOTA,PR,56,1.0,1.0,0.5,1.0,1.0,1.0,1.0,1.0,1.0,1.0,1.0,1.0
178861,Ronaldo Carletto,PP,BA,56,1.0,1.0,1.0,1.0,1.0,1.0,1.0,1.0,1.0,1.0,0.5,1.0
122466,Ronaldo Martins,REPUBLICANOS,CE,56,0.5,0.5,0.5,0.5,1.0,0.5,0.5,0.5,0.5,1.0,0.5,1.0
204525,Rosana Valle,PSB,SP,56,0.0,1.0,0.0,1.0,0.0,1.0,0.0,0.0,0.0,1.0,1.0,0.5
178945,Rosangela Gomes,REPUBLICANOS,RJ,56,1.0,1.0,1.0,1.0,0.0,1.0,1.0,1.0,1.0,1.0,1.0,1.0
204357,Rose Modesto,PSDB,MS,56,1.0,1.0,0.0,1.0,0.0,1.0,1.0,1.0,0.5,1.0,1.0,0.5
178935,Rossoni,PSDB,PR,56,1.0,0.5,1.0,1.0,0.5,0.5,1.0,1.0,1.0,0.5,1.0,0.5
73466,Rubens Bueno,CIDADANIA,PR,56,0.0,1.0,0.0,1.0,1.0,1.0,0.0,1.0,0.0,1.0,0.0,1.0
74371,Rubens Otoni,PT,GO,56,0.5,0.5,0.0,0.0,0.0,0.5,1.0,0.0,0.5,1.0,0.0,0.0
178887,Rubens Pereira Júnior,PCdoB,MA,56,1.0,0.5,0.0,0.5,0.5,0.5,1.0,0.0,0.5,0.5,0.0,0.0
73604,Rui Falcão,PT,SP,56,1.0,0.0,0.0,0.5,0.0,0.0,1.0,0.0,0.0,0.5,0.0,0.5
160635,Ruy Carneiro,PSDB,PB,56,1.0,1.0,0.5,0.5,0.0,1.0,1.0,0.0,0.5,1.0,1.0,0.5
204535,Sâmia Bomfim,PSOL,SP,56,0.5,0.0,0.5,0.0,0.0,0.0,0.5,0.5,0.0,0.0,0.5,0.5
178990,Samuel Moreira,PSDB,SP,56,0.0,1.0,1.0,1.0,0.0,1.0,0.0,0.0,0.0,1.0,0.0,0.5
204416,Sanderson,PSL,RS,56,0.5,1.0,0.5,1.0,1.0,1.0,0.0,0.5,1.0,1.0,1.0,0.5
160621,Sandro Alex,PSD,PR,56,0.5,0.5,0.5,0.5,0.5,0.5,0.5,0.5,0.5,0.5,0.5,1.0
90842,Santini,PTB,RS,56,0.5,1.0,0.5,0.5,1.0,1.0,0.5,0.5,0.5,1.0,0.5,0.5
204387,Sargento Fahur,PSD,PR,56,1.0,1.0,1.0,1.0,1.0,1.0,1.0,1.0,0.0,1.0,1.0,0.5
204399,Schiavinato,PP,PR,56,0.5,0.5,0.5,0.5,1.0,1.0,0.5,0.5,0.5,1.0,0.5,0.5
178921,Sebastião Oliveira,AVANTE,PE,56,1.0,1.0,1.0,1.0,0.5,1.0,1.0,1.0,1.0,0.5,0.0,0.5
73808,Sérgio Brito,PSD,BA,56,1.0,1.0,0.5,1.0,1.0,0.5,1.0,1.0,0.5,1.0,0.0,1.0
178933,Sergio Souza,MDB,PR,56,1.0,1.0,1.0,1.0,1.0,0.5,1.0,1.0,1.0,1.0,1.0,1.0
204438,Sergio Toledo,PL,AL,56,1.0,0.5,1.0,1.0,0.5,1.0,1.0,1.0,0.5,1.0,0.0,0.5
178874,Sergio Vidigal,PDT,ES,56,0.5,0.5,0.5,0.5,0.0,0.0,0.5,0.5,0.5,0.5,0.5,0.0
167614,SEVERINO NINHO,PSB,PE,56,0.5,0.5,0.5,0.5,0.5,0.5,0.5,0.5,0.5,0.5,0.5,0.5
204437,Severino Pessoa,REPUBLICANOS,AL,56,1.0,1.0,0.5,0.5,1.0,1.0,1.0,0.5,1.0,1.0,1.0,0.5
178961,Shéridan,PSDB,RR,56,1.0,1.0,1.0,1.0,1.0,1.0,1.0,1.0,1.0,1.0,1.0,1.0
204557,Sidney Leite,PSD,AM,56,0.0,1.0,0.0,1.0,0.0,1.0,1.0,1.0,0.5,1.0,0.0,0.5
74356,Silas Câmara,REPUBLICANOS,AM,56,1.0,1.0,1.0,0.5,0.0,1.0,1.0,1.0,1.0,1.0,1.0,1.0
204360,Silvia Cristina,PDT,RO,56,1.0,0.0,0.0,0.0,1.0,1.0,0.0,0.0,0.0,1.0,1.0,0.5
204425,Silvio Costa Filho,REPUBLICANOS,PE,56,1.0,1.0,0.5,1.0,0.0,1.0,1.0,0.5,1.0,1.0,0.0,0.5
73424,SIMÃO SESSIM,PP,RJ,56,0.5,0.5,0.5,0.5,0.5,0.5,0.5,0.5,0.5,0.5,0.5,1.0
168175,Simplício Araújo,SOLIDARIEDADE,MA,56,0.5,0.5,0.5,0.5,0.5,0.5,0.5,0.5,0.5,0.5,0.5,0.5
178946,Soraya Santos,PL,RJ,56,1.0,1.0,1.0,1.0,0.5,1.0,1.0,0.5,0.5,0.5,0.5,1.0
178947,Sóstenes Cavalcante,DEM,RJ,56,0.5,1.0,0.0,0.5,1.0,1.0,1.0,1.0,1.0,1.0,1.0,1.0
92776,Stefano Aguiar,PSD,MG,56,1.0,1.0,1.0,0.5,1.0,1.0,0.0,1.0,1.0,1.0,1.0,1.0
177282,Subtenente Gonzaga,PDT,MG,56,1.0,0.0,0.0,0.0,0.0,1.0,0.0,0.0,0.5,1.0,1.0,0.0
204534,Tabata Amaral,PSB,SP,56,1.0,1.0,1.0,0.0,0.0,1.0,0.5,0.0,0.0,1.0,0.0,0.5
178922,Tadeu Alencar,PSB,PE,56,1.0,0.0,0.0,0.0,0.0,0.0,1.0,0.0,0.5,1.0,0.0,0.0
74806,Tadeu Filippelli,MDB,DF,56,0.5,0.5,0.5,0.5,0.5,0.5,0.5,0.5,0.5,0.5,0.5,0.5
204464,Talíria Petrone,PSOL,RJ,56,1.0,0.5,0.0,0.0,0.0,0.0,0.0,0.5,0.0,0.0,0.0,0.5
206231,Ted Conti,PSB,ES,56,1.0,1.0,0.0,0.5,0.5,1.0,1.0,0.0,0.0,1.0,1.0,0.5
178901,Tereza Cristina,DEM,MS,56,0.5,0.5,0.5,0.5,0.5,1.0,0.5,0.5,0.5,0.5,0.5,1.0
204466,Tereza Nelma,PSDB,AL,56,1.0,0.0,0.0,0.5,0.5,0.0,1.0,0.0,0.0,0.5,0.0,0.5
178862,Tia Eron,REPUBLICANOS,BA,56,1.0,0.5,1.0,1.0,0.5,0.5,1.0,1.0,1.0,0.5,1.0,1.0
143084,Tiago Dimas,SOLIDARIEDADE,TO,56,1.0,1.0,1.0,1.0,1.0,1.0,1.0,1.0,0.5,1.0,1.0,0.5
204519,Tiago Mitraud,NOVO,MG,56,0.0,1.0,1.0,1.0,1.0,1.0,0.0,1.0,0.0,1.0,0.0,0.5
160976,Tiririca,PL,SP,56,1.0,0.0,0.0,0.0,1.0,0.0,1.0,0.0,1.0,0.5,0.0,1.0
197438,Tito,AVANTE,BA,56,1.0,1.0,1.0,1.0,1.0,1.0,1.0,1.0,1.0,1.0,1.0,0.5
178934,Toninho Wandscheer,PROS,PR,56,1.0,1.0,1.0,1.0,1.0,1.0,0.0,1.0,1.0,0.5,1.0,1.0
216545,Totonho Lopes,PDT,CE,56,0.5,0.5,0.5,0.0,0.5,0.5,0.5,0.0,0.5,0.5,0.0,0.5
157130,Túlio Gadêlha,PDT,PE,56,1.0,0.0,0.0,0.0,0.0,0.0,0.0,0.0,0.0,1.0,0.0,0.5
178863,Uldurico Junior,PROS,BA,56,1.0,1.0,1.0,1.0,0.0,1.0,1.0,1.0,1.0,1.0,1.0,1.0
195866,Vaidon Oliveira,PROS,CE,56,1.0,0.5,1.0,0.5,1.0,1.0,1.0,0.5,0.5,1.0,0.5,0.5
204385,Valdevan Noventa,PL,SE,56,1.0,1.0,1.0,1.0,0.0,0.5,1.0,0.0,1.0,1.0,0.0,0.5
74010,VALDIR COLATTO,MDB,SC,56,0.5,0.5,0.5,0.5,0.5,0.5,0.5,0.5,0.5,0.5,0.5,1.0
160610,Valmir Assunção,PT,BA,56,1.0,0.0,0.0,0.0,0.0,0.0,1.0,0.0,0.5,1.0,0.0,0.0
141552,Valtenir Pereira,MDB,MT,56,1.0,0.5,0.0,1.0,0.5,0.5,1.0,1.0,0.0,0.5,0.0,1.0
74376,Vander Loubet,PT,MS,56,1.0,0.0,0.0,0.0,0.0,0.0,1.0,0.0,0.5,1.0,0.0,0.0
141553,Vanderlei Macris,PSDB,SP,56,0.0,1.0,1.0,1.0,0.0,1.0,0.0,1.0,0.5,1.0,0.0,1.0
204505,Vavá Martins,REPUBLICANOS,PA,56,1.0,1.0,1.0,0.5,1.0,1.0,1.0,1.0,1.0,0.5,1.0,0.5
204396,Vermelho,PSD,PR,56,1.0,1.0,0.0,0.5,1.0,1.0,0.0,1.0,1.0,0.5,1.0,0.5
74283,Vicentinho,PT,SP,56,1.0,0.0,0.0,0.0,0.0,0.0,1.0,0.0,0.5,1.0,0.0,0.0
137070,Vicentinho Júnior,PL,TO,56,1.0,1.0,1.0,1.0,1.0,0.5,1.0,1.0,1.0,1.0,0.0,1.0
204483,Vilson da Fetaemg,PSB,MG,56,1.0,0.0,0.0,0.0,0.0,0.5,1.0,0.0,0.0,1.0,0.0,0.5
141555,Vinicius Carvalho,REPUBLICANOS,SP,56,1.0,1.0,1.0,1.0,1.0,1.0,1.0,1.0,1.0,0.5,0.5,1.0
204478,Vinicius Farah,MDB,RJ,56,0.5,0.0,0.5,1.0,1.0,1.0,0.5,0.5,0.5,1.0,0.5,0.5
160591,Vinicius Gurgel,PL,AP,56,1.0,1.0,1.0,1.0,0.5,0.5,1.0,1.0,1.0,0.5,0.0,1.0
204532,Vinicius Poit,NOVO,SP,56,0.0,1.0,1.0,1.0,1.0,1.0,0.0,1.0,0.0,1.0,0.0,0.5
179587,Vitor Hugo,PSL,GO,56,1.0,0.5,1.0,1.0,1.0,1.0,1.0,0.5,1.0,0.5,1.0,0.5
178992,Vitor Lippi,PSDB,SP,56,0.0,1.0,1.0,1.0,0.5,1.0,1.0,0.5,0.0,1.0,0.0,1.0
215044,Vivi Reis,PSOL,PA,56,1.0,0.0,0.0,0.0,0.5,0.5,0.0,0.0,0.0,0.5,0.0,0.5
204443,Wagner Montes,REPUBLICANOS,RJ,56,0.5,0.5,0.5,0.5,0.5,0.5,0.5,0.5,0.5,0.5,0.5,0.5
160569,Waldenor Pereira,PT,BA,56,1.0,0.0,0.0,0.5,0.0,0.0,0.0,0.5,0.5,1.0,0.0,0.0
178952,Walter Alves,MDB,RN,56,0.5,0.5,1.0,1.0,1.0,1.0,1.0,0.5,0.5,1.0,0.0,1.0
160518,Weliton Prado,PROS,MG,56,1.0,1.0,0.0,0.0,0.0,0.0,0.5,0.0,0.0,1.0,1.0,0.0
74043,Wellington Roberto,PL,PB,56,1.0,0.5,0.5,0.5,0.5,1.0,1.0,0.5,0.5,1.0,0.0,1.0
74044,Wilson Santiago,PTB,PB,56,1.0,1.0,0.5,0.5,1.0,1.0,1.0,0.5,1.0,1.0,0.5,0.5
204463,Wladimir Garotinho,PSD,RJ,56,0.5,0.5,0.5,0.5,0.0,0.0,0.5,0.5,0.5,1.0,0.5,0.5
74439,Wolney Queiroz,PDT,PE,56,1.0,0.0,0.0,0.0,0.0,0.0,0.0,0.0,0.0,1.0,0.0,0.0
191945,Zé Augusto Nalin,DEM,RJ,56,1.0,0.5,0.5,0.5,0.5,0.5,0.5,0.5,0.5,0.5,0.5,0.5
178889,Zé Carlos,PT,MA,56,1.0,0.0,0.0,0.0,0.0,0.0,1.0,0.0,0.5,0.5,0.0,0.0
204559,Zé Neto,PT,BA,56,1.0,0.0,0.0,0.0,0.0,0.0,1.0,0.0,0.5,0.5,0.0,0.5
160632,Zé Silva,SOLIDARIEDADE,MG,56,1.0,1.0,1.0,1.0,1.0,1.0,1.0,1.0,1.0,1.0,0.5,1.0
204517,Zé Vitor,PL,MG,56,0.0,1.0,0.0,1.0,0.5,1.0,1.0,1.0,1.0,1.0,1.0,0.5
160592,Zeca Dirceu,PT,PR,56,1.0,0.0,0.0,0.0,0.0,0.0,0.0,0.0,0.5,1.0,0.0,0.0
